{"cameraMode":{"drawMode":0,"name":"Shaded","section":"Shading Mode"},"sceneLighting":false,"audioPlay":false,"sceneViewState":{"showFog":true,"showMaterialUpdate":false,"showSkybox":true,"showFlares":true,"showImageEffects":true,"showParticleSystems":true},"in2DMode":false,"pivot":{"x":1.2947858572006226,"y":0.13036052882671357,"z":-0.07291258126497269},"rotation":{"x":0.14653252065181733,"y":0.6772955060005188,"z":-0.1403391808271408,"w":0.7071802616119385},"size":0.4269186854362488,"orthographic":false}