{"cameraMode":{"drawMode":0,"name":"Shaded","section":"Shading Mode"},"sceneLighting":false,"audioPlay":false,"sceneViewState":{"showFog":true,"showMaterialUpdate":false,"showSkybox":true,"showFlares":true,"showImageEffects":true,"showParticleSystems":true},"in2DMode":false,"pivot":{"x":0.6900656223297119,"y":0.623954176902771,"z":-18.013017654418947},"rotation":{"x":-0.10672372579574585,"y":-0.6146548986434937,"z":0.08442778885364533,"w":-0.776969313621521},"size":2.6344544887542726,"orthographic":false}