{"cameraMode":{"drawMode":0,"name":"Shaded","section":"Shading Mode"},"sceneLighting":true,"audioPlay":false,"sceneViewState":{"showFog":true,"showMaterialUpdate":false,"showSkybox":true,"showFlares":true,"showImageEffects":true,"showParticleSystems":true},"in2DMode":false,"pivot":{"x":-0.1219167709350586,"y":0.31716489791870119,"z":-14.24274730682373},"rotation":{"x":-0.09808553010225296,"y":-0.6944685578346252,"z":0.0964503064751625,"w":-0.7062507271766663},"size":9.794256210327149,"orthographic":false}