{"cameraMode":{"drawMode":0,"name":"Shaded","section":"Shading Mode"},"sceneLighting":true,"audioPlay":false,"sceneViewState":{"showFog":true,"showMaterialUpdate":false,"showSkybox":true,"showFlares":true,"showImageEffects":true,"showParticleSystems":true},"in2DMode":false,"pivot":{"x":0.5441863536834717,"y":-0.5016461610794067,"z":-18.966657638549806},"rotation":{"x":0.0016875478904694319,"y":0.8835005164146423,"z":-0.4684164822101593,"w":0.003182993270456791},"size":3.000068187713623,"orthographic":false}