{"cameraMode":{"drawMode":0,"name":"Shaded","section":"Shading Mode"},"sceneLighting":false,"audioPlay":false,"sceneViewState":{"showFog":true,"showMaterialUpdate":false,"showSkybox":true,"showFlares":true,"showImageEffects":true,"showParticleSystems":true},"in2DMode":false,"pivot":{"x":-0.28369140625,"y":1.45013427734375,"z":-0.0434112548828125},"rotation":{"x":0.01705845259130001,"y":-0.7035192251205444,"z":0.016885707154870034,"w":0.710270881652832},"size":2.802884340286255,"orthographic":true}