{"cameraMode":{"drawMode":0,"name":"Shaded","section":"Shading Mode"},"sceneLighting":false,"audioPlay":false,"sceneViewState":{"showFog":true,"showMaterialUpdate":false,"showSkybox":true,"showFlares":true,"showImageEffects":true,"showParticleSystems":true},"in2DMode":false,"pivot":{"x":2.220412254333496,"y":0.4419074058532715,"z":-2.420100212097168},"rotation":{"x":0.05673552677035332,"y":-0.7106907963752747,"z":0.057697586715221408,"w":0.6988351941108704},"size":1.9108585119247437,"orthographic":false}