{"cameraMode":{"drawMode":0,"name":"Shaded","section":"Shading Mode"},"sceneLighting":false,"audioPlay":false,"sceneViewState":{"showFog":true,"showMaterialUpdate":false,"showSkybox":true,"showFlares":true,"showImageEffects":true,"showParticleSystems":true},"in2DMode":false,"pivot":{"x":-0.28369140625,"y":1.45013427734375,"z":-0.0434112548828125},"rotation":{"x":-0.00013405205390881747,"y":-0.995647132396698,"z":0.0014987566974014044,"w":-0.09319127351045609},"size":2.3503904342651369,"orthographic":true}