{"cameraMode":{"drawMode":0,"name":"Shaded","section":"Shading Mode"},"sceneLighting":false,"audioPlay":false,"sceneViewState":{"showFog":true,"showMaterialUpdate":false,"showSkybox":true,"showFlares":true,"showImageEffects":true,"showParticleSystems":true},"in2DMode":false,"pivot":{"x":-0.28369140625,"y":1.45013427734375,"z":-0.0434112548828125},"rotation":{"x":0.03741998225450516,"y":-0.9582058787345886,"z":0.24211235344409944,"w":0.14772596955299378},"size":1.2498195171356202,"orthographic":true}