{"cameraMode":{"drawMode":0,"name":"Shaded","section":"Shading Mode"},"sceneLighting":false,"audioPlay":false,"sceneViewState":{"showFog":true,"showMaterialUpdate":false,"showSkybox":true,"showFlares":true,"showImageEffects":true,"showParticleSystems":true},"in2DMode":false,"pivot":{"x":-14.435546875,"y":0.905029296875,"z":-5.4576416015625},"rotation":{"x":-0.0014327872777357698,"y":-0.9814250469207764,"z":-0.007361685857176781,"w":0.19169960916042329},"size":3.3826982975006105,"orthographic":true}