{"cameraMode":{"drawMode":0,"name":"Shaded","section":"Shading Mode"},"sceneLighting":false,"audioPlay":false,"sceneViewState":{"showFog":true,"showMaterialUpdate":false,"showSkybox":true,"showFlares":true,"showImageEffects":true,"showParticleSystems":true},"in2DMode":false,"pivot":{"x":-8.007377624511719,"y":1.297593116760254,"z":-4.579999923706055},"rotation":{"x":0.01992487534880638,"y":0.7146230936050415,"z":-0.020372284576296808,"w":0.6989290118217468},"size":11.072266578674317,"orthographic":false}