{"cameraMode":{"drawMode":0,"name":"Shaded","section":"Shading Mode"},"sceneLighting":false,"audioPlay":false,"sceneViewState":{"showFog":true,"showMaterialUpdate":false,"showSkybox":true,"showFlares":true,"showImageEffects":true,"showParticleSystems":true},"in2DMode":false,"pivot":{"x":-4.40625,"y":1.2182782888412476,"z":-16.999876022338868},"rotation":{"x":0.03896339610219002,"y":-0.03716878592967987,"z":0.0014373731100931764,"w":0.9985480904579163},"size":3.054130792617798,"orthographic":true}