{"cameraMode":{"drawMode":0,"name":"Shaded","section":"Shading Mode"},"sceneLighting":false,"audioPlay":false,"sceneViewState":{"showFog":true,"showMaterialUpdate":false,"showSkybox":true,"showFlares":true,"showImageEffects":true,"showParticleSystems":true},"in2DMode":false,"pivot":{"x":-0.9630987048149109,"y":0.3099672794342041,"z":-13.305000305175782},"rotation":{"x":-0.09808553010225296,"y":-0.6944685578346252,"z":0.0964503064751625,"w":-0.7062507271766663},"size":2.3389272689819338,"orthographic":false}