{"cameraMode":{"drawMode":0,"name":"Shaded","section":"Shading Mode"},"sceneLighting":false,"audioPlay":false,"sceneViewState":{"showFog":true,"showMaterialUpdate":false,"showSkybox":true,"showFlares":true,"showImageEffects":true,"showParticleSystems":true},"in2DMode":false,"pivot":{"x":-0.6788482666015625,"y":-1.5173559188842774,"z":1.8962773084640504},"rotation":{"x":0.1474497765302658,"y":0.6913523077964783,"z":-0.14735691249370576,"w":0.6917923092842102},"size":22.0,"orthographic":false}