{"cameraMode":{"drawMode":0,"name":"Shaded","section":"Shading Mode"},"sceneLighting":false,"audioPlay":false,"sceneViewState":{"showFog":true,"showMaterialUpdate":false,"showSkybox":true,"showFlares":true,"showImageEffects":true,"showParticleSystems":true},"in2DMode":false,"pivot":{"x":-0.28369140625,"y":1.45013427734375,"z":-0.0434112548828125},"rotation":{"x":-0.04356405884027481,"y":-0.7040537595748901,"z":0.04336174577474594,"w":-0.7074816226959229},"size":2.608647346496582,"orthographic":true}