{"cameraMode":{"drawMode":0,"name":"Shaded","section":"Shading Mode"},"sceneLighting":false,"audioPlay":false,"sceneViewState":{"showFog":true,"showMaterialUpdate":false,"showSkybox":true,"showFlares":true,"showImageEffects":true,"showParticleSystems":true},"in2DMode":false,"pivot":{"x":-5.400504112243652,"y":-3.2702229022979738,"z":7.53965950012207},"rotation":{"x":-0.017994528636336328,"y":-0.9630541205406189,"z":0.26032981276512148,"w":-0.06656847894191742},"size":0.5396266579627991,"orthographic":false}