{"cameraMode":{"drawMode":0,"name":"Shaded","section":"Shading Mode"},"sceneLighting":false,"audioPlay":false,"sceneViewState":{"showFog":true,"showMaterialUpdate":false,"showSkybox":true,"showFlares":true,"showImageEffects":true,"showParticleSystems":true},"in2DMode":false,"pivot":{"x":-7.199999809265137,"y":1.9780001640319825,"z":-15.463000297546387},"rotation":{"x":-0.06704478710889816,"y":-0.10901980847120285,"z":0.007370762061327696,"w":-0.9917486310005188},"size":19.622737884521486,"orthographic":false}