{"cameraMode":{"drawMode":0,"name":"Shaded","section":"Shading Mode"},"sceneLighting":true,"audioPlay":false,"sceneViewState":{"showFog":true,"showMaterialUpdate":false,"showSkybox":true,"showFlares":true,"showImageEffects":true,"showParticleSystems":true},"in2DMode":false,"pivot":{"x":3.286181926727295,"y":0.6978139877319336,"z":-19.066009521484376},"rotation":{"x":0.01185375452041626,"y":0.794049084186554,"z":-0.015493122860789299,"w":0.6075406074523926},"size":4.605247497558594,"orthographic":false}