{"cameraMode":{"drawMode":0,"name":"Shaded","section":"Shading Mode"},"sceneLighting":false,"audioPlay":false,"sceneViewState":{"showFog":true,"showMaterialUpdate":false,"showSkybox":true,"showFlares":true,"showImageEffects":true,"showParticleSystems":true},"in2DMode":false,"pivot":{"x":2.486692190170288,"y":0.3967708945274353,"z":-2.4196300506591799},"rotation":{"x":0.01992487534880638,"y":0.7146230936050415,"z":-0.020372284576296808,"w":0.6989290118217468},"size":3.7514379024505617,"orthographic":false}