{"cameraMode":{"drawMode":0,"name":"Shaded","section":"Shading Mode"},"sceneLighting":false,"audioPlay":false,"sceneViewState":{"showFog":true,"showMaterialUpdate":false,"showSkybox":true,"showFlares":true,"showImageEffects":true,"showParticleSystems":true},"in2DMode":false,"pivot":{"x":2.1209793090820314,"y":1.7912300825119019,"z":-11.105449676513672},"rotation":{"x":0.005255749449133873,"y":-0.9946896433830261,"z":0.06725165247917175,"w":0.07773128896951676},"size":22.0,"orthographic":false}