{"cameraMode":{"drawMode":0,"name":"Shaded","section":"Shading Mode"},"sceneLighting":false,"audioPlay":false,"sceneViewState":{"showFog":true,"showMaterialUpdate":false,"showSkybox":true,"showFlares":true,"showImageEffects":true,"showParticleSystems":true},"in2DMode":false,"pivot":{"x":0.12919999659061433,"y":0.10545090585947037,"z":-0.08320000022649765},"rotation":{"x":0.21802976727485658,"y":0.6699331998825073,"z":-0.21607652306556703,"w":0.6759907603263855},"size":1.3359744548797608,"orthographic":false}