{"cameraMode":{"drawMode":0,"name":"Shaded","section":"Shading Mode"},"sceneLighting":false,"audioPlay":false,"sceneViewState":{"showFog":true,"showMaterialUpdate":false,"showSkybox":true,"showFlares":true,"showImageEffects":true,"showParticleSystems":true},"in2DMode":false,"pivot":{"x":-20.17144775390625,"y":18.521020889282228,"z":38.49431610107422},"rotation":{"x":0.15661956369876862,"y":0.4889035224914551,"z":0.08971963822841644,"w":-0.8534600734710693},"size":34.16532897949219,"orthographic":false}