{"cameraMode":{"drawMode":0,"name":"Shaded","section":"Shading Mode"},"sceneLighting":false,"audioPlay":false,"sceneViewState":{"showFog":true,"showMaterialUpdate":false,"showSkybox":true,"showFlares":true,"showImageEffects":true,"showParticleSystems":true},"in2DMode":false,"pivot":{"x":-2.1689453125,"y":1.1488037109375,"z":-18.0712890625},"rotation":{"x":-0.08387429267168045,"y":-0.02510968968272209,"z":0.002126723062247038,"w":-0.996157705783844},"size":3.054130792617798,"orthographic":true}