{"cameraMode":{"drawMode":0,"name":"Shaded","section":"Shading Mode"},"sceneLighting":false,"audioPlay":false,"sceneViewState":{"showFog":true,"showMaterialUpdate":false,"showSkybox":true,"showFlares":true,"showImageEffects":true,"showParticleSystems":true},"in2DMode":false,"pivot":{"x":-0.09672956168651581,"y":0.7010998129844666,"z":-18.159849166870118},"rotation":{"x":-0.04115578159689903,"y":-0.9566671848297119,"z":0.23411962389945985,"w":-0.16817304491996766},"size":0.5703376531600952,"orthographic":false}